{
	"Version": 3,
	"Meta": {
		"Duration": 16.033,
		"Fps": 30.0,
		"FadeInTime": 1.0,
		"FadeOutTime": 0.0,
		"Loop": true,
		"AreBeziersRestricted": true,
		"CurveCount": 31,
		"TotalSegmentCount": 259,
		"TotalPointCount": 748,
		"UserDataCount": 0,
		"TotalUserDataSize": 0
	},
	"Curves": [
		{
			"Target": "Parameter",
			"Id": "PARAM_ANGLE_X",
			"Segments": [
				0,
				0,
				1,
				2.978,
				0,
				5.956,
				0,
				8.933,
				0,
				1,
				9,
				0,
				9.067,
				4,
				9.133,
				4,
				1,
				9.389,
				4,
				9.644,
				-20,
				9.9,
				-20,
				1,
				11.356,
				-20,
				12.811,
				-20,
				14.267,
				-20,
				1,
				14.5,
				-20,
				14.733,
				0,
				14.967,
				0,
				1,
				15.311,
				0,
				15.656,
				0,
				16,
				0,
				0,
				16.033,
				0
			]
		},
		{
			"Target": "Parameter",
			"Id": "PARAM_ANGLE_Y",
			"Segments": [
				0,
				0,
				1,
				1.122,
				0,
				2.244,
				0,
				3.367,
				0,
				1,
				3.578,
				0,
				3.789,
				-30,
				4,
				-30,
				1,
				4.078,
				-30,
				4.156,
				-25,
				4.233,
				-25,
				1,
				5.144,
				-25,
				6.056,
				-25.003,
				6.967,
				-25.015,
				1,
				7.144,
				-25.017,
				7.322,
				-30,
				7.5,
				-30,
				1,
				7.667,
				-30,
				7.833,
				0,
				8,
				0,
				1,
				8.433,
				0,
				8.867,
				0,
				9.3,
				0,
				1,
				9.411,
				0,
				9.522,
				-5,
				9.633,
				-5,
				1,
				9.856,
				-5,
				10.078,
				20,
				10.3,
				20,
				1,
				11.622,
				20,
				12.944,
				20,
				14.267,
				20,
				1,
				14.411,
				20,
				14.556,
				-4.539,
				14.7,
				-4.539,
				1,
				14.811,
				-4.539,
				14.922,
				0,
				15.033,
				0,
				1,
				15.356,
				0,
				15.678,
				0,
				16,
				0,
				0,
				16.033,
				0
			]
		},
		{
			"Target": "Parameter",
			"Id": "PARAM_ANGLE_Z",
			"Segments": [
				0,
				0,
				1,
				3.789,
				0,
				7.578,
				0,
				11.367,
				0,
				1,
				11.467,
				0,
				11.567,
				0.647,
				11.667,
				7.915,
				1,
				11.733,
				12.76,
				11.8,
				30,
				11.867,
				30,
				1,
				12.156,
				30,
				12.444,
				30,
				12.733,
				30,
				1,
				13.1,
				30,
				13.467,
				30.568,
				13.833,
				25,
				1,
				14.211,
				19.263,
				14.589,
				-8.635,
				14.967,
				-8.635,
				1,
				15.211,
				-8.635,
				15.456,
				0,
				15.7,
				0,
				1,
				15.8,
				0,
				15.9,
				0,
				16,
				0,
				0,
				16.033,
				0
			]
		},
		{
			"Target": "Parameter",
			"Id": "PARAM_EYE_L_OPEN",
			"FadeInTime": 0.2,
			"FadeOutTime": 0.2,
			"Segments": [
				0,
				1,
				1,
				0.367,
				1,
				0.733,
				1,
				1.1,
				1,
				1,
				1.122,
				1,
				1.144,
				0,
				1.167,
				0,
				1,
				1.178,
				0,
				1.189,
				0,
				1.2,
				0,
				1,
				1.256,
				0,
				1.311,
				1,
				1.367,
				1,
				1,
				1.922,
				1,
				2.478,
				1,
				3.033,
				1,
				1,
				3.056,
				1,
				3.078,
				0,
				3.1,
				0,
				1,
				3.111,
				0,
				3.122,
				0,
				3.133,
				0,
				1,
				3.178,
				0,
				3.222,
				1,
				3.267,
				1,
				1,
				3.444,
				1,
				3.622,
				1,
				3.8,
				1,
				1,
				3.867,
				1,
				3.933,
				0,
				4,
				0,
				1,
				5.167,
				0,
				6.333,
				0,
				7.5,
				0,
				1,
				7.611,
				0,
				7.722,
				1,
				7.833,
				1,
				1,
				7.933,
				1,
				8.033,
				1,
				8.133,
				1,
				1,
				8.156,
				1,
				8.178,
				0,
				8.2,
				0,
				1,
				8.211,
				0,
				8.222,
				0,
				8.233,
				0,
				1,
				8.289,
				0,
				8.344,
				1,
				8.4,
				1,
				1,
				8.678,
				1,
				8.956,
				1,
				9.233,
				1,
				1,
				9.256,
				1,
				9.278,
				0,
				9.3,
				0,
				1,
				9.311,
				0,
				9.322,
				0,
				9.333,
				0,
				1,
				9.389,
				0,
				9.444,
				1,
				9.5,
				1,
				1,
				10.111,
				1,
				10.722,
				1,
				11.333,
				1,
				1,
				11.356,
				1,
				11.378,
				0,
				11.4,
				0,
				1,
				11.411,
				0,
				11.422,
				0,
				11.433,
				0,
				1,
				11.489,
				0,
				11.544,
				2,
				11.6,
				2,
				1,
				11.656,
				2,
				11.711,
				2,
				11.767,
				2,
				1,
				11.789,
				2,
				11.811,
				0,
				11.833,
				0,
				1,
				11.844,
				0,
				11.856,
				0,
				11.867,
				0,
				1,
				11.922,
				0,
				11.978,
				2,
				12.033,
				2,
				1,
				12.956,
				2,
				13.878,
				1.682,
				14.8,
				1,
				1,
				14.822,
				0.984,
				14.844,
				0,
				14.867,
				0,
				1,
				14.878,
				0,
				14.889,
				0,
				14.9,
				0,
				1,
				14.944,
				0,
				14.989,
				1,
				15.033,
				1,
				1,
				15.356,
				1,
				15.678,
				1,
				16,
				1,
				0,
				16.033,
				1
			]
		},
		{
			"Target": "Parameter",
			"Id": "PARAM_EYE_L_SMILE",
			"FadeInTime": 0.2,
			"FadeOutTime": 0.2,
			"Segments": [
				0,
				0,
				1,
				5.333,
				0,
				10.667,
				0,
				16,
				0,
				0,
				16.033,
				0
			]
		},
		{
			"Target": "Parameter",
			"Id": "PARAM_EYE_R_OPEN",
			"FadeInTime": 0.2,
			"FadeOutTime": 0.2,
			"Segments": [
				0,
				1,
				1,
				0.367,
				1,
				0.733,
				1,
				1.1,
				1,
				1,
				1.122,
				1,
				1.144,
				0,
				1.167,
				0,
				1,
				1.178,
				0,
				1.189,
				0,
				1.2,
				0,
				1,
				1.256,
				0,
				1.311,
				1,
				1.367,
				1,
				1,
				1.922,
				1,
				2.478,
				1,
				3.033,
				1,
				1,
				3.056,
				1,
				3.078,
				0,
				3.1,
				0,
				1,
				3.111,
				0,
				3.122,
				0,
				3.133,
				0,
				1,
				3.178,
				0,
				3.222,
				1,
				3.267,
				1,
				1,
				3.444,
				1,
				3.622,
				1,
				3.8,
				1,
				1,
				3.867,
				1,
				3.933,
				0,
				4,
				0,
				1,
				5.167,
				0,
				6.333,
				0,
				7.5,
				0,
				1,
				7.611,
				0,
				7.722,
				1,
				7.833,
				1,
				1,
				7.933,
				1,
				8.033,
				1,
				8.133,
				1,
				1,
				8.156,
				1,
				8.178,
				0,
				8.2,
				0,
				1,
				8.211,
				0,
				8.222,
				0,
				8.233,
				0,
				1,
				8.289,
				0,
				8.344,
				1,
				8.4,
				1,
				1,
				8.678,
				1,
				8.956,
				1,
				9.233,
				1,
				1,
				9.256,
				1,
				9.278,
				0,
				9.3,
				0,
				1,
				9.311,
				0,
				9.322,
				0,
				9.333,
				0,
				1,
				9.389,
				0,
				9.444,
				1,
				9.5,
				1,
				1,
				10.111,
				1,
				10.722,
				1,
				11.333,
				1,
				1,
				11.356,
				1,
				11.378,
				0,
				11.4,
				0,
				1,
				11.411,
				0,
				11.422,
				0,
				11.433,
				0,
				1,
				11.489,
				0,
				11.544,
				2,
				11.6,
				2,
				1,
				11.656,
				2,
				11.711,
				2,
				11.767,
				2,
				1,
				11.789,
				2,
				11.811,
				0,
				11.833,
				0,
				1,
				11.844,
				0,
				11.856,
				0,
				11.867,
				0,
				1,
				11.922,
				0,
				11.978,
				2,
				12.033,
				2,
				1,
				12.956,
				2,
				13.878,
				1.682,
				14.8,
				1,
				1,
				14.822,
				0.984,
				14.844,
				0,
				14.867,
				0,
				1,
				14.878,
				0,
				14.889,
				0,
				14.9,
				0,
				1,
				14.944,
				0,
				14.989,
				1,
				15.033,
				1,
				1,
				15.356,
				1,
				15.678,
				1,
				16,
				1,
				0,
				16.033,
				1
			]
		},
		{
			"Target": "Parameter",
			"Id": "PARAM_EYE_R_SMILE",
			"FadeInTime": 0.2,
			"FadeOutTime": 0.2,
			"Segments": [
				0,
				0,
				1,
				5.333,
				0,
				10.667,
				0,
				16,
				0,
				0,
				16.033,
				0
			]
		},
		{
			"Target": "Parameter",
			"Id": "PARAM_EYE_BALL_X",
			"Segments": [
				0,
				0,
				1,
				2.944,
				0,
				5.889,
				0,
				8.833,
				0,
				1,
				9.011,
				0,
				9.189,
				-1,
				9.367,
				-1,
				1,
				11.178,
				-1,
				12.989,
				-1,
				14.8,
				-1,
				1,
				14.878,
				-1,
				14.956,
				0,
				15.033,
				0,
				1,
				15.356,
				0,
				15.678,
				0,
				16,
				0,
				0,
				16.033,
				0
			]
		},
		{
			"Target": "Parameter",
			"Id": "PARAM_EYE_BALL_Y",
			"Segments": [
				0,
				-0.5,
				1,
				2.944,
				-0.5,
				5.889,
				-0.5,
				8.833,
				-0.5,
				1,
				9.011,
				-0.5,
				9.189,
				0.5,
				9.367,
				0.5,
				1,
				11.178,
				0.5,
				12.989,
				0.5,
				14.8,
				0.5,
				1,
				14.878,
				0.5,
				14.956,
				-0.5,
				15.033,
				-0.5,
				1,
				15.356,
				-0.5,
				15.678,
				-0.5,
				16,
				-0.5,
				0,
				16.033,
				-0.5
			]
		},
		{
			"Target": "Parameter",
			"Id": "PARAM_EYE_BALL_FORM",
			"Segments": [
				0,
				1,
				1,
				5.333,
				1,
				10.667,
				1,
				16,
				1,
				0,
				16.033,
				1
			]
		},
		{
			"Target": "Parameter",
			"Id": "PARAM_BROW_L_Y",
			"Segments": [
				0,
				0,
				1,
				1.267,
				0,
				2.533,
				0,
				3.8,
				0,
				1,
				3.889,
				0,
				3.978,
				-1,
				4.067,
				-1,
				1,
				5.211,
				-1,
				6.356,
				-1,
				7.5,
				-1,
				1,
				7.611,
				-1,
				7.722,
				0,
				7.833,
				0,
				1,
				9.056,
				0,
				10.278,
				0,
				11.5,
				0,
				1,
				11.622,
				0,
				11.744,
				0.5,
				11.867,
				0.5,
				1,
				12.211,
				0.5,
				12.556,
				0.5,
				12.9,
				0.5,
				1,
				13.744,
				0.5,
				14.589,
				0,
				15.433,
				0,
				1,
				15.622,
				0,
				15.811,
				0,
				16,
				0,
				0,
				16.033,
				0
			]
		},
		{
			"Target": "Parameter",
			"Id": "PARAM_BROW_R_Y",
			"Segments": [
				0,
				0,
				1,
				1.267,
				0,
				2.533,
				0,
				3.8,
				0,
				1,
				3.889,
				0,
				3.978,
				-1,
				4.067,
				-1,
				1,
				5.211,
				-1,
				6.356,
				-1,
				7.5,
				-1,
				1,
				7.611,
				-1,
				7.722,
				0,
				7.833,
				0,
				1,
				9.056,
				0,
				10.278,
				0,
				11.5,
				0,
				1,
				11.622,
				0,
				11.744,
				0.49,
				11.867,
				0.49,
				1,
				12.211,
				0.49,
				12.556,
				0.49,
				12.9,
				0.49,
				1,
				13.744,
				0.49,
				14.589,
				0,
				15.433,
				0,
				1,
				15.622,
				0,
				15.811,
				0,
				16,
				0,
				0,
				16.033,
				0
			]
		},
		{
			"Target": "Parameter",
			"Id": "PARAM_BROW_L_X",
			"Segments": [
				0,
				0,
				1,
				1.267,
				0,
				2.533,
				0,
				3.8,
				0,
				1,
				3.889,
				0,
				3.978,
				0.2,
				4.067,
				0.2,
				1,
				5.211,
				0.2,
				6.356,
				0.2,
				7.5,
				0.2,
				1,
				7.611,
				0.2,
				7.722,
				0,
				7.833,
				0,
				1,
				9.522,
				0,
				11.211,
				0,
				12.9,
				0,
				1,
				13.744,
				0,
				14.589,
				0,
				15.433,
				0,
				1,
				15.622,
				0,
				15.811,
				0,
				16,
				0,
				0,
				16.033,
				0
			]
		},
		{
			"Target": "Parameter",
			"Id": "PARAM_BROW_R_X",
			"Segments": [
				0,
				0,
				1,
				1.267,
				0,
				2.533,
				0,
				3.8,
				0,
				1,
				3.889,
				0,
				3.978,
				0.2,
				4.067,
				0.2,
				1,
				5.211,
				0.2,
				6.356,
				0.2,
				7.5,
				0.2,
				1,
				7.611,
				0.2,
				7.722,
				0,
				7.833,
				0,
				1,
				9.522,
				0,
				11.211,
				0,
				12.9,
				0,
				1,
				13.744,
				0,
				14.589,
				0,
				15.433,
				0,
				1,
				15.622,
				0,
				15.811,
				0,
				16,
				0,
				0,
				16.033,
				0
			]
		},
		{
			"Target": "Parameter",
			"Id": "PARAM_BROW_L_ANGLE",
			"Segments": [
				0,
				0,
				1,
				1.267,
				0,
				2.533,
				0,
				3.8,
				0,
				1,
				6.367,
				0,
				8.933,
				0,
				11.5,
				0,
				1,
				11.622,
				0,
				11.744,
				-0.24,
				11.867,
				-0.24,
				1,
				12.211,
				-0.24,
				12.556,
				-0.24,
				12.9,
				-0.24,
				1,
				13.744,
				-0.24,
				14.589,
				0,
				15.433,
				0,
				1,
				15.622,
				0,
				15.811,
				0,
				16,
				0,
				0,
				16.033,
				0
			]
		},
		{
			"Target": "Parameter",
			"Id": "PARAM_BROW_R_ANGLE",
			"Segments": [
				0,
				0,
				1,
				1.267,
				0,
				2.533,
				0,
				3.8,
				0,
				1,
				6.367,
				0,
				8.933,
				0,
				11.5,
				0,
				1,
				11.622,
				0,
				11.744,
				-0.24,
				11.867,
				-0.24,
				1,
				12.211,
				-0.24,
				12.556,
				-0.24,
				12.9,
				-0.24,
				1,
				13.744,
				-0.24,
				14.589,
				0,
				15.433,
				0,
				1,
				15.622,
				0,
				15.811,
				0,
				16,
				0,
				0,
				16.033,
				0
			]
		},
		{
			"Target": "Parameter",
			"Id": "PARAM_BROW_L_FORM",
			"Segments": [
				0,
				0,
				1,
				1.267,
				0,
				2.533,
				0,
				3.8,
				0,
				1,
				6.833,
				0,
				9.867,
				0,
				12.9,
				0,
				1,
				13.744,
				0,
				14.589,
				0,
				15.433,
				0,
				1,
				15.622,
				0,
				15.811,
				0,
				16,
				0,
				0,
				16.033,
				0
			]
		},
		{
			"Target": "Parameter",
			"Id": "PARAM_BROW_R_FORM",
			"Segments": [
				0,
				0,
				1,
				1.267,
				0,
				2.533,
				0,
				3.8,
				0,
				1,
				6.833,
				0,
				9.867,
				0,
				12.9,
				0,
				1,
				13.744,
				0,
				14.589,
				0,
				15.433,
				0,
				1,
				15.622,
				0,
				15.811,
				0,
				16,
				0,
				0,
				16.033,
				0
			]
		},
		{
			"Target": "Parameter",
			"Id": "PARAM_MOUTH_FORM",
			"Segments": [
				0,
				1,
				1,
				3.889,
				1,
				7.778,
				1,
				11.667,
				1,
				1,
				11.789,
				1,
				11.911,
				1,
				12.033,
				1,
				1,
				12.256,
				1,
				12.478,
				1,
				12.7,
				1,
				1,
				12.767,
				1,
				12.833,
				1,
				12.9,
				1,
				1,
				13.933,
				1,
				14.967,
				1,
				16,
				1,
				0,
				16.033,
				1
			]
		},
		{
			"Target": "Parameter",
			"Id": "PARAM_MOUTH_OPEN_Y",
			"Segments": [
				0,
				0,
				1,
				1.144,
				0,
				2.289,
				0,
				3.433,
				0,
				1,
				3.556,
				0,
				3.678,
				0.3,
				3.8,
				0.3,
				1,
				3.911,
				0.3,
				4.022,
				0.3,
				4.133,
				0.3,
				1,
				4.233,
				0.3,
				4.333,
				0,
				4.433,
				0,
				1,
				6.844,
				0,
				9.256,
				0,
				11.667,
				0,
				1,
				11.789,
				0,
				11.911,
				1,
				12.033,
				1,
				1,
				12.189,
				1,
				12.344,
				0.57,
				12.5,
				0.57,
				1,
				12.567,
				0.57,
				12.633,
				0.57,
				12.7,
				0.57,
				1,
				12.767,
				0.57,
				12.833,
				0,
				12.9,
				0,
				1,
				13.933,
				0,
				14.967,
				0,
				16,
				0,
				0,
				16.033,
				0
			]
		},
		{
			"Target": "Parameter",
			"Id": "PARAM_BODY_ANGLE_X",
			"Segments": [
				0,
				0,
				1,
				3.133,
				0,
				6.267,
				0,
				9.4,
				0,
				1,
				9.611,
				0,
				9.822,
				-7,
				10.033,
				-7,
				1,
				11.389,
				-7,
				12.744,
				-7,
				14.1,
				-7,
				1,
				14.344,
				-7,
				14.589,
				0,
				14.833,
				0,
				1,
				15.222,
				0,
				15.611,
				0,
				16,
				0,
				0,
				16.033,
				0
			]
		},
		{
			"Target": "Parameter",
			"Id": "PARAM_BODY_ANGLE_Y",
			"Segments": [
				0,
				0,
				1,
				2.856,
				0,
				5.711,
				0,
				8.567,
				0,
				1,
				8.911,
				0,
				9.256,
				-2,
				9.6,
				-2,
				1,
				10.056,
				-2,
				10.511,
				0.914,
				10.967,
				3,
				1,
				11.378,
				4.883,
				11.789,
				5,
				12.2,
				5,
				1,
				12.944,
				5,
				13.689,
				5,
				14.433,
				5,
				1,
				14.7,
				5,
				14.967,
				0,
				15.233,
				0,
				1,
				15.489,
				0,
				15.744,
				0,
				16,
				0,
				0,
				16.033,
				0
			]
		},
		{
			"Target": "Parameter",
			"Id": "PARAM_BODY_ANGLE_Z",
			"Segments": [
				0,
				0,
				1,
				0.233,
				0,
				0.467,
				0,
				0.7,
				0,
				1,
				0.956,
				0,
				1.211,
				-2,
				1.467,
				-2,
				1,
				1.967,
				-2,
				2.467,
				3.457,
				2.967,
				3.457,
				1,
				3.467,
				3.457,
				3.967,
				-3.444,
				4.467,
				-3.444,
				1,
				4.967,
				-3.444,
				5.467,
				3.457,
				5.967,
				3.457,
				1,
				6.211,
				3.457,
				6.456,
				1.638,
				6.7,
				0.007,
				1,
				6.956,
				-1.699,
				7.211,
				-2,
				7.467,
				-2,
				1,
				7.722,
				-2,
				7.978,
				-1.124,
				8.233,
				0.005,
				1,
				8.722,
				2.164,
				9.211,
				3,
				9.7,
				3,
				1,
				10.211,
				3,
				10.722,
				-1.775,
				11.233,
				-1.775,
				1,
				11.278,
				-1.775,
				11.322,
				-1.821,
				11.367,
				-1.7,
				1,
				12.078,
				0.232,
				12.789,
				1.48,
				13.5,
				1.48,
				1,
				13.978,
				1.48,
				14.456,
				0,
				14.933,
				0,
				1,
				14.989,
				0,
				15.044,
				0,
				15.1,
				0,
				1,
				15.4,
				0,
				15.7,
				0,
				16,
				0,
				0,
				16.033,
				0
			]
		},
		{
			"Target": "Parameter",
			"Id": "PARAM_BREATH",
			"Segments": [
				0,
				0,
				1,
				0.667,
				0,
				1.333,
				1,
				2,
				1,
				1,
				2.667,
				1,
				3.333,
				0,
				4,
				0,
				1,
				4.667,
				0,
				5.333,
				1,
				6,
				1,
				1,
				6.667,
				1,
				7.333,
				0,
				8,
				0,
				1,
				9.211,
				0,
				10.422,
				0,
				11.633,
				0,
				1,
				11.944,
				0,
				12.256,
				1,
				12.567,
				1,
				1,
				12.844,
				1,
				13.122,
				1,
				13.4,
				1,
				1,
				14.067,
				1,
				14.733,
				0,
				15.4,
				0,
				1,
				15.6,
				0,
				15.8,
				0,
				16,
				0,
				1,
				16.011,
				0,
				16.022,
				0,
				16.033,
				0.001
			]
		},
		{
			"Target": "Parameter",
			"Id": "PARAM_UPBACK",
			"Segments": [
				0,
				0,
				1,
				5.333,
				0,
				10.667,
				0,
				16,
				0,
				0,
				16.033,
				0
			]
		},
		{
			"Target": "Parameter",
			"Id": "PARAM_HAIR_AHO",
			"Segments": [
				0,
				0,
				1,
				5.333,
				0,
				10.667,
				0,
				16,
				0,
				0,
				16.033,
				0
			]
		},
		{
			"Target": "Parameter",
			"Id": "PARAM_HAIR_TAIR",
			"Segments": [
				0,
				0,
				1,
				5.333,
				0,
				10.667,
				0,
				16,
				0,
				0,
				16.033,
				0
			]
		},
		{
			"Target": "Parameter",
			"Id": "PARAM_ARM",
			"FadeInTime": 2.0,
			"FadeOutTime": 2.0,
			"Segments": [
				0,
				0,
				1,
				3.833,
				0,
				7.667,
				0,
				11.5,
				0,
				1,
				11.689,
				0,
				11.878,
				0.4,
				12.067,
				0.4,
				1,
				12.167,
				0.4,
				12.267,
				0.4,
				12.367,
				0.4,
				1,
				13.189,
				0.4,
				14.011,
				0,
				14.833,
				0,
				1,
				15.222,
				0,
				15.611,
				0,
				16,
				0,
				0,
				16.033,
				0
			]
		},
		{
			"Target": "Parameter",
			"Id": "PARAM_ARM_L",
			"FadeInTime": 2.0,
			"FadeOutTime": 2.0,
			"Segments": [
				0,
				0,
				1,
				1.056,
				0,
				2.111,
				0,
				3.167,
				0,
				1,
				3.411,
				0,
				3.656,
				-1,
				3.9,
				-1,
				1,
				6.322,
				-1,
				8.744,
				-1,
				11.167,
				-1,
				1,
				11.344,
				-1,
				11.522,
				0,
				11.7,
				0,
				1,
				13.133,
				0,
				14.567,
				0,
				16,
				0,
				0,
				16.033,
				0
			]
		},
		{
			"Target": "Parameter",
			"Id": "PARAM_ARM_R",
			"FadeInTime": 2.0,
			"FadeOutTime": 2.0,
			"Segments": [
				0,
				0,
				1,
				1.056,
				0,
				2.111,
				0,
				3.167,
				0,
				1,
				3.411,
				0,
				3.656,
				-1,
				3.9,
				-1,
				1,
				6.322,
				-1,
				8.744,
				-1,
				11.167,
				-1,
				1,
				11.344,
				-1,
				11.522,
				0,
				11.7,
				0,
				1,
				13.133,
				0,
				14.567,
				0,
				16,
				0,
				0,
				16.033,
				0
			]
		},
		{
			"Target": "Parameter",
			"Id": "PARAM_FINGER",
			"Segments": [
				0,
				0.5,
				1,
				5.333,
				0.5,
				10.667,
				0.5,
				16,
				0.5,
				0,
				16.033,
				0.5
			]
		}
	]
}