{
	"Version": 3,
	"Meta": {
		"Duration": 20.433,
		"Fps": 30.0,
		"FadeInTime": 1.0,
		"FadeOutTime": 0.0,
		"Loop": true,
		"AreBeziersRestricted": true,
		"CurveCount": 45,
		"TotalSegmentCount": 249,
		"TotalPointCount": 696,
		"UserDataCount": 0,
		"TotalUserDataSize": 0
	},
	"Curves": [
		{
			"Target": "Parameter",
			"Id": "PARAM_ANGLE_X",
			"Segments": [
				0,
				0,
				1,
				0.589,
				0,
				1.178,
				0,
				1.767,
				0,
				1,
				2.644,
				0,
				3.522,
				0,
				4.4,
				0,
				1,
				4.522,
				0,
				4.644,
				0,
				4.767,
				0,
				1,
				4.878,
				0,
				4.989,
				0,
				5.1,
				0,
				1,
				5.222,
				0,
				5.344,
				0,
				5.467,
				0,
				1,
				5.578,
				0,
				5.689,
				0,
				5.8,
				0,
				1,
				7.633,
				0,
				9.467,
				0,
				11.3,
				0,
				1,
				12.044,
				0,
				12.789,
				0,
				13.533,
				0,
				1,
				14.4,
				0,
				15.267,
				0,
				16.133,
				0,
				0,
				20.433,
				0
			]
		},
		{
			"Target": "Parameter",
			"Id": "PARAM_ANGLE_Y",
			"Segments": [
				0,
				0,
				1,
				0.589,
				0,
				1.178,
				0,
				1.767,
				0,
				1,
				2.644,
				0,
				3.522,
				0,
				4.4,
				0,
				1,
				4.522,
				0,
				4.644,
				-16,
				4.767,
				-16,
				1,
				4.878,
				-16,
				4.989,
				0,
				5.1,
				0,
				1,
				5.222,
				0,
				5.344,
				-16,
				5.467,
				-16,
				1,
				5.578,
				-16,
				5.689,
				0,
				5.8,
				0,
				1,
				7.633,
				0,
				9.467,
				0,
				11.3,
				0,
				1,
				12.044,
				0,
				12.789,
				30,
				13.533,
				30,
				1,
				14.4,
				30,
				15.267,
				0,
				16.133,
				0,
				0,
				20.433,
				0
			]
		},
		{
			"Target": "Parameter",
			"Id": "PARAM_ANGLE_Z",
			"Segments": [
				0,
				0,
				1,
				0.589,
				0,
				1.178,
				0,
				1.767,
				0,
				1,
				2.211,
				0,
				2.656,
				-14,
				3.1,
				-14,
				1,
				3.444,
				-14,
				3.789,
				0,
				4.133,
				0,
				1,
				4.344,
				0,
				4.556,
				0,
				4.767,
				0,
				1,
				5,
				0,
				5.233,
				0,
				5.467,
				0,
				1,
				5.678,
				0,
				5.889,
				0,
				6.1,
				0,
				1,
				6.667,
				0,
				7.233,
				0,
				7.8,
				0,
				1,
				8.233,
				0,
				8.667,
				30,
				9.1,
				30,
				1,
				10.578,
				30,
				12.056,
				-13,
				13.533,
				-13,
				1,
				14.4,
				-13,
				15.267,
				-10.78,
				16.133,
				0,
				1,
				16.467,
				4.146,
				16.8,
				20,
				17.133,
				20,
				1,
				18.222,
				20,
				19.311,
				0,
				20.4,
				0,
				0,
				20.433,
				0
			]
		},
		{
			"Target": "Parameter",
			"Id": "PARAM_EYE_L_OPEN",
			"Segments": [
				0,
				1,
				1,
				0.589,
				1,
				1.178,
				0.8,
				1.767,
				0.8,
				1,
				2.644,
				0.8,
				3.522,
				0.8,
				4.4,
				0.8,
				1,
				4.522,
				0.8,
				4.644,
				0,
				4.767,
				0,
				1,
				4.878,
				0,
				4.989,
				0.8,
				5.1,
				0.8,
				1,
				5.222,
				0.8,
				5.344,
				0,
				5.467,
				0,
				1,
				5.578,
				0,
				5.689,
				0.8,
				5.8,
				0.8,
				1,
				7.633,
				0.8,
				9.467,
				0.8,
				11.3,
				0.8,
				1,
				11.822,
				0.8,
				12.344,
				0,
				12.867,
				0,
				1,
				13.656,
				0,
				14.444,
				0,
				15.233,
				0,
				1,
				15.533,
				0,
				15.833,
				0.8,
				16.133,
				0.8,
				1,
				16.467,
				0.8,
				16.8,
				0.8,
				17.133,
				0.8,
				1,
				17.311,
				0.8,
				17.489,
				0,
				17.667,
				0,
				1,
				17.856,
				0,
				18.044,
				0.8,
				18.233,
				0.8,
				1,
				18.522,
				0.8,
				18.811,
				0.8,
				19.1,
				0.8,
				1,
				19.533,
				0.8,
				19.967,
				1,
				20.4,
				1,
				0,
				20.433,
				1
			]
		},
		{
			"Target": "Parameter",
			"Id": "PARAM_EYE_L_SMILE",
			"Segments": [
				0,
				0,
				1,
				0.589,
				0,
				1.178,
				0,
				1.767,
				0,
				0,
				20.433,
				0
			]
		},
		{
			"Target": "Parameter",
			"Id": "PARAM_EYE_R_OPEN",
			"Segments": [
				0,
				1,
				1,
				0.589,
				1,
				1.178,
				0.8,
				1.767,
				0.8,
				1,
				2.644,
				0.8,
				3.522,
				0.8,
				4.4,
				0.8,
				1,
				4.522,
				0.8,
				4.644,
				0,
				4.767,
				0,
				1,
				4.878,
				0,
				4.989,
				0.8,
				5.1,
				0.8,
				1,
				5.222,
				0.8,
				5.344,
				0,
				5.467,
				0,
				1,
				5.578,
				0,
				5.689,
				0.8,
				5.8,
				0.8,
				1,
				7.633,
				0.8,
				9.467,
				0.8,
				11.3,
				0.8,
				1,
				11.822,
				0.8,
				12.344,
				0,
				12.867,
				0,
				1,
				13.656,
				0,
				14.444,
				0,
				15.233,
				0,
				1,
				15.533,
				0,
				15.833,
				0.8,
				16.133,
				0.8,
				1,
				16.467,
				0.8,
				16.8,
				0.8,
				17.133,
				0.8,
				1,
				17.311,
				0.8,
				17.489,
				0,
				17.667,
				0,
				1,
				17.856,
				0,
				18.044,
				0.8,
				18.233,
				0.8,
				1,
				18.522,
				0.8,
				18.811,
				0.8,
				19.1,
				0.8,
				1,
				19.533,
				0.8,
				19.967,
				1,
				20.4,
				1,
				0,
				20.433,
				1
			]
		},
		{
			"Target": "Parameter",
			"Id": "PARAM_EYE_R_SMILE",
			"Segments": [
				0,
				0,
				1,
				0.589,
				0,
				1.178,
				0,
				1.767,
				0,
				0,
				20.433,
				0
			]
		},
		{
			"Target": "Parameter",
			"Id": "PARAM_EYE_FORM",
			"Segments": [
				0,
				0,
				0,
				1.767,
				0,
				1,
				4.944,
				0,
				8.122,
				0,
				11.3,
				0,
				0,
				20.433,
				0
			]
		},
		{
			"Target": "Parameter",
			"Id": "PARAM_TEAR",
			"Segments": [
				0,
				0,
				0,
				1.767,
				0,
				1,
				5.267,
				0,
				8.767,
				0,
				12.267,
				0,
				1,
				12.689,
				0,
				13.111,
				1,
				13.533,
				1,
				1,
				15.1,
				1,
				16.667,
				1,
				18.233,
				1,
				1,
				18.444,
				1,
				18.656,
				0,
				18.867,
				0,
				0,
				20.433,
				0
			]
		},
		{
			"Target": "Parameter",
			"Id": "PARAM_EYE_BALL_X",
			"Segments": [
				0,
				0,
				1,
				0.589,
				0,
				1.178,
				0,
				1.767,
				0,
				1,
				2.644,
				0,
				3.522,
				0,
				4.4,
				0,
				1,
				4.522,
				0,
				4.644,
				0,
				4.767,
				0,
				1,
				4.878,
				0,
				4.989,
				0,
				5.1,
				0,
				1,
				5.222,
				0,
				5.344,
				0,
				5.467,
				0,
				1,
				5.578,
				0,
				5.689,
				0,
				5.8,
				0,
				1,
				8.156,
				0,
				10.511,
				0,
				12.867,
				0,
				1,
				13.956,
				0,
				15.044,
				0,
				16.133,
				0,
				1,
				17.556,
				0,
				18.978,
				0,
				20.4,
				0,
				0,
				20.433,
				0
			]
		},
		{
			"Target": "Parameter",
			"Id": "PARAM_EYE_BALL_Y",
			"Segments": [
				0,
				-0.5,
				1,
				0.589,
				-0.5,
				1.178,
				-0.5,
				1.767,
				-0.5,
				1,
				2.644,
				-0.5,
				3.522,
				-0.5,
				4.4,
				-0.5,
				1,
				4.522,
				-0.5,
				4.644,
				-1,
				4.767,
				-1,
				1,
				4.878,
				-1,
				4.989,
				-0.5,
				5.1,
				-0.5,
				1,
				5.222,
				-0.5,
				5.344,
				-1,
				5.467,
				-1,
				1,
				5.578,
				-1,
				5.689,
				-0.5,
				5.8,
				-0.5,
				1,
				8.156,
				-0.5,
				10.511,
				-1,
				12.867,
				-1,
				1,
				13.956,
				-1,
				15.044,
				0,
				16.133,
				0,
				1,
				17.556,
				0,
				18.978,
				-0.5,
				20.4,
				-0.5,
				0,
				20.433,
				-0.5
			]
		},
		{
			"Target": "Parameter",
			"Id": "PARAM_EYE_BALL_FORM",
			"Segments": [
				0,
				1,
				1,
				0.589,
				1,
				1.178,
				1,
				1.767,
				1,
				1,
				5.267,
				1,
				8.767,
				1,
				12.267,
				1,
				0,
				20.433,
				1
			]
		},
		{
			"Target": "Parameter",
			"Id": "PARAM_BROW_L_Y",
			"Segments": [
				0,
				0,
				1,
				0.589,
				0,
				1.178,
				-0.6,
				1.767,
				-0.6,
				1,
				2.644,
				-0.6,
				3.522,
				-0.6,
				4.4,
				-0.6,
				1,
				4.522,
				-0.6,
				4.644,
				-1,
				4.767,
				-1,
				1,
				4.878,
				-1,
				4.989,
				-0.6,
				5.1,
				-0.6,
				1,
				5.222,
				-0.6,
				5.344,
				-1,
				5.467,
				-1,
				1,
				5.578,
				-1,
				5.689,
				-0.6,
				5.8,
				-0.6,
				1,
				7.633,
				-0.6,
				9.467,
				-0.6,
				11.3,
				-0.6,
				1,
				11.822,
				-0.6,
				12.344,
				-1,
				12.867,
				-1,
				1,
				13.656,
				-1,
				14.444,
				-1,
				15.233,
				-1,
				1,
				15.533,
				-1,
				15.833,
				0,
				16.133,
				0,
				1,
				16.467,
				0,
				16.8,
				0,
				17.133,
				0,
				1,
				17.311,
				0,
				17.489,
				-1,
				17.667,
				-1,
				1,
				17.856,
				-1,
				18.044,
				0,
				18.233,
				0,
				0,
				20.433,
				0
			]
		},
		{
			"Target": "Parameter",
			"Id": "PARAM_BROW_R_Y",
			"Segments": [
				0,
				0,
				1,
				0.589,
				0,
				1.178,
				-0.6,
				1.767,
				-0.6,
				1,
				2.644,
				-0.6,
				3.522,
				-0.6,
				4.4,
				-0.6,
				1,
				4.522,
				-0.6,
				4.644,
				-1,
				4.767,
				-1,
				1,
				4.878,
				-1,
				4.989,
				-0.6,
				5.1,
				-0.6,
				1,
				5.222,
				-0.6,
				5.344,
				-1,
				5.467,
				-1,
				1,
				5.578,
				-1,
				5.689,
				-0.6,
				5.8,
				-0.6,
				1,
				7.633,
				-0.6,
				9.467,
				-0.6,
				11.3,
				-0.6,
				1,
				11.822,
				-0.6,
				12.344,
				-1,
				12.867,
				-1,
				1,
				13.656,
				-1,
				14.444,
				-1,
				15.233,
				-1,
				1,
				15.533,
				-1,
				15.833,
				0,
				16.133,
				0,
				1,
				16.467,
				0,
				16.8,
				0,
				17.133,
				0,
				1,
				17.311,
				0,
				17.489,
				-1,
				17.667,
				-1,
				1,
				17.856,
				-1,
				18.044,
				0,
				18.233,
				0,
				0,
				20.433,
				0
			]
		},
		{
			"Target": "Parameter",
			"Id": "PARAM_BROW_L_X",
			"Segments": [
				0,
				0,
				1,
				0.589,
				0,
				1.178,
				0,
				1.767,
				0,
				0,
				20.433,
				0
			]
		},
		{
			"Target": "Parameter",
			"Id": "PARAM_BROW_R_X",
			"Segments": [
				0,
				0,
				1,
				0.589,
				0,
				1.178,
				0,
				1.767,
				0,
				0,
				20.433,
				0
			]
		},
		{
			"Target": "Parameter",
			"Id": "PARAM_BROW_L_ANGLE",
			"Segments": [
				0,
				0,
				1,
				0.589,
				0,
				1.178,
				0,
				1.767,
				0,
				0,
				20.433,
				0
			]
		},
		{
			"Target": "Parameter",
			"Id": "PARAM_BROW_R_ANGLE",
			"Segments": [
				0,
				0,
				1,
				0.589,
				0,
				1.178,
				0,
				1.767,
				0,
				0,
				20.433,
				0
			]
		},
		{
			"Target": "Parameter",
			"Id": "PARAM_BROW_L_FORM",
			"Segments": [
				0,
				0,
				1,
				0.589,
				0,
				1.178,
				0,
				1.767,
				0,
				0,
				20.433,
				0
			]
		},
		{
			"Target": "Parameter",
			"Id": "PARAM_BROW_R_FORM",
			"Segments": [
				0,
				0,
				1,
				0.589,
				0,
				1.178,
				0,
				1.767,
				0,
				0,
				20.433,
				0
			]
		},
		{
			"Target": "Parameter",
			"Id": "PARAM_MOUTH_FORM",
			"Segments": [
				0,
				1,
				1,
				0.589,
				1,
				1.178,
				1,
				1.767,
				1,
				1,
				2.556,
				1,
				3.344,
				1,
				4.133,
				1,
				1,
				4.222,
				1,
				4.311,
				-1,
				4.4,
				-1,
				1,
				4.522,
				-1,
				4.644,
				0,
				4.767,
				0,
				1,
				4.878,
				0,
				4.989,
				-1,
				5.1,
				-1,
				1,
				5.222,
				-1,
				5.344,
				0,
				5.467,
				0,
				1,
				5.867,
				0,
				6.267,
				-1,
				6.667,
				-1,
				1,
				7.478,
				-1,
				8.289,
				-1,
				9.1,
				-1,
				1,
				9.833,
				-1,
				10.567,
				1,
				11.3,
				1,
				1,
				11.489,
				1,
				11.678,
				0.663,
				11.867,
				0.44,
				1,
				12,
				0.283,
				12.133,
				0.29,
				12.267,
				0.29,
				1,
				12.467,
				0.29,
				12.667,
				1,
				12.867,
				1,
				1,
				13.067,
				1,
				13.267,
				0.72,
				13.467,
				0.72,
				1,
				13.7,
				0.72,
				13.933,
				1,
				14.167,
				1,
				1,
				14.467,
				1,
				14.767,
				0.388,
				15.067,
				0,
				1,
				15.422,
				-0.46,
				15.778,
				-0.51,
				16.133,
				-0.51,
				1,
				17.122,
				-0.51,
				18.111,
				-0.51,
				19.1,
				-0.51,
				1,
				19.533,
				-0.51,
				19.967,
				1,
				20.4,
				1,
				0,
				20.433,
				1
			]
		},
		{
			"Target": "Parameter",
			"Id": "PARAM_MOUTH_OPEN_Y",
			"Segments": [
				0,
				0,
				1,
				0.589,
				0,
				1.178,
				0,
				1.767,
				0,
				1,
				2.556,
				0,
				3.344,
				0,
				4.133,
				0,
				1,
				4.222,
				0,
				4.311,
				0.27,
				4.4,
				0.27,
				1,
				4.522,
				0.27,
				4.644,
				0,
				4.767,
				0,
				1,
				4.878,
				0,
				4.989,
				0.54,
				5.1,
				0.54,
				1,
				5.222,
				0.54,
				5.344,
				0,
				5.467,
				0,
				1,
				5.867,
				0,
				6.267,
				0.162,
				6.667,
				0.38,
				1,
				7.478,
				0.822,
				8.289,
				1,
				9.1,
				1,
				1,
				9.833,
				1,
				10.567,
				0,
				11.3,
				0,
				1,
				11.489,
				0,
				11.678,
				0.71,
				11.867,
				0.71,
				1,
				12,
				0.71,
				12.133,
				0.33,
				12.267,
				0.33,
				1,
				12.467,
				0.33,
				12.667,
				1,
				12.867,
				1,
				1,
				13.067,
				1,
				13.267,
				0.79,
				13.467,
				0.79,
				1,
				13.7,
				0.79,
				13.933,
				1,
				14.167,
				1,
				1,
				14.467,
				1,
				14.767,
				0,
				15.067,
				0,
				1,
				15.422,
				0,
				15.778,
				0.81,
				16.133,
				0.81,
				1,
				17.122,
				0.81,
				18.111,
				0.81,
				19.1,
				0.81,
				1,
				19.533,
				0.81,
				19.967,
				0,
				20.4,
				0,
				0,
				20.433,
				0
			]
		},
		{
			"Target": "Parameter",
			"Id": "PARAM_CHEEK_01",
			"Segments": [
				0,
				0,
				1,
				0.589,
				0,
				1.178,
				1,
				1.767,
				1,
				1,
				4.944,
				1,
				8.122,
				1,
				11.3,
				1,
				1,
				13.9,
				1,
				16.5,
				1,
				19.1,
				1,
				1,
				19.533,
				1,
				19.967,
				0,
				20.4,
				0,
				0,
				20.433,
				0
			]
		},
		{
			"Target": "Parameter",
			"Id": "PARAM_CHEEK_02",
			"Segments": [
				0,
				0,
				0,
				1.767,
				0,
				1,
				4.944,
				0,
				8.122,
				0,
				11.3,
				0,
				0,
				20.433,
				0
			]
		},
		{
			"Target": "Parameter",
			"Id": "PARAM_CHEEK_03",
			"Segments": [
				0,
				0,
				1,
				0.589,
				0,
				1.178,
				0,
				1.767,
				0,
				0,
				20.433,
				0
			]
		},
		{
			"Target": "Parameter",
			"Id": "PARAM_CHEEK_04",
			"Segments": [
				0,
				0,
				0,
				20.433,
				0
			]
		},
		{
			"Target": "Parameter",
			"Id": "PARAM_BODY_ANGLE_X",
			"Segments": [
				0,
				0,
				1,
				0.589,
				0,
				1.178,
				10,
				1.767,
				10,
				1,
				4.944,
				10,
				8.122,
				10,
				11.3,
				10,
				1,
				12.533,
				10,
				13.767,
				0,
				15,
				0,
				0,
				20.433,
				0
			]
		},
		{
			"Target": "Parameter",
			"Id": "PARAM_BODY_ANGLE_Y",
			"Segments": [
				0,
				0,
				1,
				0.589,
				0,
				1.178,
				0,
				1.767,
				0,
				1,
				4.867,
				0,
				7.967,
				0,
				11.067,
				0,
				1,
				11.956,
				0,
				12.844,
				10,
				13.733,
				10,
				1,
				14.533,
				10,
				15.333,
				0,
				16.133,
				0,
				0,
				20.433,
				0
			]
		},
		{
			"Target": "Parameter",
			"Id": "PARAM_BODY_ANGLE_Z",
			"Segments": [
				0,
				0,
				1,
				0.589,
				0,
				1.178,
				-4,
				1.767,
				-4,
				1,
				2.433,
				-4,
				3.1,
				-3.994,
				3.767,
				-3,
				1,
				4.333,
				-2.155,
				4.9,
				0,
				5.467,
				0,
				1,
				5.644,
				0,
				5.822,
				0,
				6,
				0,
				1,
				7.233,
				0,
				8.467,
				6,
				9.7,
				6,
				1,
				10.233,
				6,
				10.767,
				0,
				11.3,
				0,
				0,
				20.433,
				0
			]
		},
		{
			"Target": "Parameter",
			"Id": "PARAM_BREATH",
			"Segments": [
				0,
				0,
				1,
				0.589,
				0,
				1.178,
				0,
				1.767,
				0,
				0,
				20.433,
				0
			]
		},
		{
			"Target": "Parameter",
			"Id": "PARAM_UPBACK",
			"Segments": [
				0,
				0,
				1,
				0.589,
				0,
				1.178,
				0,
				1.767,
				0,
				0,
				20.433,
				0
			]
		},
		{
			"Target": "Parameter",
			"Id": "PARAM_BUST_Y",
			"Segments": [
				0,
				0,
				0,
				20.433,
				0
			]
		},
		{
			"Target": "Parameter",
			"Id": "PARAM_TIE",
			"Segments": [
				0,
				0,
				0,
				20.433,
				0
			]
		},
		{
			"Target": "Parameter",
			"Id": "PARAM_SKIRT",
			"Segments": [
				0,
				0,
				0,
				20.433,
				0
			]
		},
		{
			"Target": "Parameter",
			"Id": "PARAM_HAIR_FRONT",
			"Segments": [
				0,
				0,
				0,
				20.433,
				0
			]
		},
		{
			"Target": "Parameter",
			"Id": "PARAM_HAIR_SIDE",
			"Segments": [
				0,
				0,
				0,
				20.433,
				0
			]
		},
		{
			"Target": "Parameter",
			"Id": "PARAM_HAIR_AHO",
			"Segments": [
				0,
				0,
				1,
				0.589,
				0,
				1.178,
				0,
				1.767,
				0,
				1,
				2.211,
				0,
				2.656,
				-1,
				3.1,
				-1,
				1,
				3.656,
				-1,
				4.211,
				1,
				4.767,
				1,
				1,
				5.4,
				1,
				6.033,
				0.576,
				6.667,
				0,
				1,
				7.478,
				-0.738,
				8.289,
				-1,
				9.1,
				-1,
				1,
				9.556,
				-1,
				10.011,
				0,
				10.467,
				0,
				1,
				10.944,
				0,
				11.422,
				-1,
				11.9,
				-1,
				1,
				12.133,
				-1,
				12.367,
				-1,
				12.6,
				-1,
				1,
				12.867,
				-1,
				13.133,
				-0.41,
				13.4,
				-0.41,
				1,
				13.733,
				-0.41,
				14.067,
				-1,
				14.4,
				-1,
				1,
				15.311,
				-1,
				16.222,
				0.54,
				17.133,
				0.54,
				1,
				17.878,
				0.54,
				18.622,
				-1,
				19.367,
				-1,
				1,
				19.711,
				-1,
				20.056,
				0,
				20.4,
				0,
				0,
				20.433,
				0
			]
		},
		{
			"Target": "Parameter",
			"Id": "PARAM_HAIR_TAIR",
			"Segments": [
				0,
				0,
				1,
				0.589,
				0,
				1.178,
				0,
				1.767,
				0,
				0,
				20.433,
				0
			]
		},
		{
			"Target": "Parameter",
			"Id": "PARAM_RIBON_L",
			"Segments": [
				0,
				0,
				0,
				20.433,
				0
			]
		},
		{
			"Target": "Parameter",
			"Id": "PARAM_RIBON_R",
			"Segments": [
				0,
				0,
				0,
				20.433,
				0
			]
		},
		{
			"Target": "Parameter",
			"Id": "PARAM_ARM",
			"Segments": [
				0,
				0,
				1,
				0.244,
				0,
				0.489,
				0.24,
				0.733,
				0.24,
				1,
				1.078,
				0.24,
				1.422,
				-1,
				1.767,
				-1,
				1,
				4.944,
				-1,
				8.122,
				-1,
				11.3,
				-1,
				1,
				12.533,
				-1,
				13.767,
				0,
				15,
				0,
				0,
				20.433,
				0
			]
		},
		{
			"Target": "Parameter",
			"Id": "PARAM_ARM_L",
			"Segments": [
				0,
				0,
				1,
				0.589,
				0,
				1.178,
				1,
				1.767,
				1,
				1,
				7.7,
				1,
				13.633,
				1,
				19.567,
				1,
				1,
				19.844,
				1,
				20.122,
				0,
				20.4,
				0,
				0,
				20.433,
				0
			]
		},
		{
			"Target": "Parameter",
			"Id": "PARAM_ARM_R",
			"Segments": [
				0,
				0,
				1,
				0.589,
				0,
				1.178,
				1,
				1.767,
				1,
				1,
				7.7,
				1,
				13.633,
				1,
				19.567,
				1,
				1,
				19.844,
				1,
				20.122,
				0,
				20.4,
				0,
				0,
				20.433,
				0
			]
		},
		{
			"Target": "Parameter",
			"Id": "PARAM_FINGER",
			"Segments": [
				0,
				0.5,
				1,
				0.589,
				0.5,
				1.178,
				0.5,
				1.767,
				0.5,
				0,
				20.433,
				0.5
			]
		},
		{
			"Target": "Parameter",
			"Id": "PARAM_LEG_L",
			"Segments": [
				0,
				0,
				0,
				20.433,
				0
			]
		}
	]
}