{
	"Type": "Live2D Expression",
	"Parameters": [
		{
			"Id": "PARAM_EYE_L_OPEN",
			"Value": -0.25,
			"Blend": "Add"
		},
		{
			"Id": "PARAM_EYE_L_SMILE",
			"Value": 1,
			"Blend": "Add"
		},
		{
			"Id": "PARAM_EYE_R_OPEN",
			"Value": -0.25,
			"Blend": "Add"
		},
		{
			"Id": "PARAM_EYE_R_SMILE",
			"Value": 1,
			"Blend": "Add"
		},
		{
			"Id": "PARAM_EYE_BALL_X",
			"Value": 0,
			"Blend": "Add"
		},
		{
			"Id": "PARAM_EYE_BALL_Y",
			"Value": 1.5,
			"Blend": "Add"
		},
		{
			"Id": "PARAM_EYE_BALL_FORM",
			"Value": 0,
			"Blend": "Add"
		},
		{
			"Id": "PARAM_BROW_L_Y",
			"Value": -1,
			"Blend": "Add"
		},
		{
			"Id": "PARAM_BROW_R_Y",
			"Value": -1,
			"Blend": "Add"
		},
		{
			"Id": "PARAM_BROW_L_X",
			"Value": -1,
			"Blend": "Add"
		},
		{
			"Id": "PARAM_BROW_R_X",
			"Value": -1,
			"Blend": "Add"
		},
		{
			"Id": "PARAM_BROW_L_ANGLE",
			"Value": 1,
			"Blend": "Add"
		},
		{
			"Id": "PARAM_BROW_R_ANGLE",
			"Value": 1,
			"Blend": "Add"
		},
		{
			"Id": "PARAM_BROW_L_FORM",
			"Value": 1,
			"Blend": "Add"
		},
		{
			"Id": "PARAM_BROW_R_FORM",
			"Value": 1,
			"Blend": "Add"
		},
		{
			"Id": "PARAM_MOUTH_FORM",
			"Value": -1,
			"Blend": "Add"
		},
		{
			"Id": "PARAM_MOUTH_OPEN_Y",
			"Value": 0,
			"Blend": "Add"
		},
		{
			"Id": "PARAM_HAIR_AHO",
			"Value": 0.75,
			"Blend": "Add"
		},
		{
			"Id": "PARAM_HAIR_TAIR",
			"Value": 0,
			"Blend": "Add"
		}
	]
}